Attribute,Waste
27,0.02
13,0.018333333
22,0.015833333
28,0.015
31,0.015
15,0.014166667
17,0.013333333
12,0.012916667
26,0.012916667
32,0.0125
 2,0.011666667
 5,0.011666667
 1,0.01125
14,0.01125
25,0.01125
 7,0.01125
20,0.010833333
 6,0.01
 8,0.01
16,0.009583333
 3,0.009166667
23,0.008333333
11,0.007916667
30,0.007083333
24,0.00625
29,0.00625
19,0.005833333
 4,0.004583333
21,0.004166667
